eml,pwd
user1@mail.com,Pass1
user2@mail.com,Pass2
user3@mail.com,Pass3
user4@mail.com,Pass4
user5@mail.com,Pass5
user6@mail.com,Pass6
user7@mail.com,Pass7
user8@mail.com,Pass8
user9@mail.com,Pass9
user10@mail.com,Pass10
user11@mail.com,Pass11
user12@mail.com,Pass12
user13@mail.com,Pass13
user14@mail.com,Pass14
user15@mail.com,Pass15
user16@mail.com,Pass16
user17@mail.com,Pass17
user18@mail.com,Pass18
user19@mail.com,Pass19
user20@mail.com,Pass20
user21@mail.com,Pass21
user22@mail.com,Pass22
user23@mail.com,Pass23
user24@mail.com,Pass24
user25@mail.com,Pass25
user26@mail.com,Pass26
user27@mail.com,Pass27
user28@mail.com,Pass28
user29@mail.com,Pass29
user30@mail.com,Pass30
user31@mail.com,Pass31
user32@mail.com,Pass32
user33@mail.com,Pass33
user34@mail.com,Pass34
user35@mail.com,Pass35
user36@mail.com,Pass36
user37@mail.com,Pass37
user38@mail.com,Pass38
user39@mail.com,Pass39
user40@mail.com,Pass40
user41@mail.com,Pass41
user42@mail.com,Pass42
user43@mail.com,Pass43
user44@mail.com,Pass44
user45@mail.com,Pass45
user46@mail.com,Pass46
user47@mail.com,Pass47
user48@mail.com,Pass48
user49@mail.com,Pass49
user50@mail.com,Pass50
user51@mail.com,Pass51
user52@mail.com,Pass52
user53@mail.com,Pass53
user54@mail.com,Pass54
user55@mail.com,Pass55
user56@mail.com,Pass56
user57@mail.com,Pass57
user58@mail.com,Pass58
user59@mail.com,Pass59
user60@mail.com,Pass60
user61@mail.com,Pass61
user62@mail.com,Pass62
user63@mail.com,Pass63
user64@mail.com,Pass64
user65@mail.com,Pass65
user66@mail.com,Pass66
user67@mail.com,Pass67
user68@mail.com,Pass68
user69@mail.com,Pass69
user70@mail.com,Pass70
user71@mail.com,Pass71
user72@mail.com,Pass72
user73@mail.com,Pass73
user74@mail.com,Pass74
user75@mail.com,Pass75
user76@mail.com,Pass76
user77@mail.com,Pass77
user78@mail.com,Pass78
user79@mail.com,Pass79
user80@mail.com,Pass80
user81@mail.com,Pass81
user82@mail.com,Pass82
user83@mail.com,Pass83
user84@mail.com,Pass84
user85@mail.com,Pass85
user86@mail.com,Pass86
user87@mail.com,Pass87
user88@mail.com,Pass88
user89@mail.com,Pass89
user90@mail.com,Pass90
user91@mail.com,Pass91
user92@mail.com,Pass92
user93@mail.com,Pass93
user94@mail.com,Pass94
user95@mail.com,Pass95
user96@mail.com,Pass96
user97@mail.com,Pass97
user98@mail.com,Pass98
user99@mail.com,Pass99
user100@mail.com,Pass100
user101@mail.com,Pass101
user102@mail.com,Pass102
user103@mail.com,Pass103
user104@mail.com,Pass104
user105@mail.com,Pass105
user106@mail.com,Pass106
user107@mail.com,Pass107
user108@mail.com,Pass108
user109@mail.com,Pass109
user110@mail.com,Pass110
user111@mail.com,Pass111
user112@mail.com,Pass112
user113@mail.com,Pass113
user114@mail.com,Pass114
user115@mail.com,Pass115
user116@mail.com,Pass116
user117@mail.com,Pass117
user118@mail.com,Pass118
user119@mail.com,Pass119
user120@mail.com,Pass120
user121@mail.com,Pass121
user122@mail.com,Pass122
user123@mail.com,Pass123
user124@mail.com,Pass124
user125@mail.com,Pass125
user126@mail.com,Pass126
user127@mail.com,Pass127
user128@mail.com,Pass128
user129@mail.com,Pass129
user130@mail.com,Pass130
user131@mail.com,Pass131
user132@mail.com,Pass132
user133@mail.com,Pass133
user134@mail.com,Pass134
user135@mail.com,Pass135
user136@mail.com,Pass136
user137@mail.com,Pass137
user138@mail.com,Pass138
user139@mail.com,Pass139
user140@mail.com,Pass140
user141@mail.com,Pass141
user142@mail.com,Pass142
user143@mail.com,Pass143
user144@mail.com,Pass144
user145@mail.com,Pass145
user146@mail.com,Pass146
user147@mail.com,Pass147
user148@mail.com,Pass148
user149@mail.com,Pass149
user150@mail.com,Pass150
user151@mail.com,Pass151
user152@mail.com,Pass152
user153@mail.com,Pass153
user154@mail.com,Pass154
user155@mail.com,Pass155
user156@mail.com,Pass156
user157@mail.com,Pass157
user158@mail.com,Pass158
user159@mail.com,Pass159
user160@mail.com,Pass160
user161@mail.com,Pass161
user162@mail.com,Pass162
user163@mail.com,Pass163
user164@mail.com,Pass164
user165@mail.com,Pass165
user166@mail.com,Pass166
user167@mail.com,Pass167
user168@mail.com,Pass168
user169@mail.com,Pass169
user170@mail.com,Pass170
user171@mail.com,Pass171
user172@mail.com,Pass172
user173@mail.com,Pass173
user174@mail.com,Pass174
user175@mail.com,Pass175
user176@mail.com,Pass176
user177@mail.com,Pass177
user178@mail.com,Pass178
user179@mail.com,Pass179
user180@mail.com,Pass180
user181@mail.com,Pass181
user182@mail.com,Pass182
user183@mail.com,Pass183
user184@mail.com,Pass184
user185@mail.com,Pass185
user186@mail.com,Pass186
user187@mail.com,Pass187
user188@mail.com,Pass188
user189@mail.com,Pass189
user190@mail.com,Pass190
user191@mail.com,Pass191
user192@mail.com,Pass192
user193@mail.com,Pass193
user194@mail.com,Pass194
user195@mail.com,Pass195
user196@mail.com,Pass196
user197@mail.com,Pass197
user198@mail.com,Pass198
user199@mail.com,Pass199
user200@mail.com,Pass200
user201@mail.com,Pass201
user202@mail.com,Pass202
user203@mail.com,Pass203
user204@mail.com,Pass204
user205@mail.com,Pass205
user206@mail.com,Pass206
user207@mail.com,Pass207
user208@mail.com,Pass208
user209@mail.com,Pass209
user210@mail.com,Pass210
user211@mail.com,Pass211
user212@mail.com,Pass212
user213@mail.com,Pass213
user214@mail.com,Pass214
user215@mail.com,Pass215
user216@mail.com,Pass216
user217@mail.com,Pass217
user218@mail.com,Pass218
user219@mail.com,Pass219
user220@mail.com,Pass220
user221@mail.com,Pass221
user222@mail.com,Pass222
user223@mail.com,Pass223
user224@mail.com,Pass224
user225@mail.com,Pass225
user226@mail.com,Pass226
user227@mail.com,Pass227
user228@mail.com,Pass228
user229@mail.com,Pass229
user230@mail.com,Pass230
user231@mail.com,Pass231
user232@mail.com,Pass232
user233@mail.com,Pass233
user234@mail.com,Pass234
user235@mail.com,Pass235
user236@mail.com,Pass236
user237@mail.com,Pass237
user238@mail.com,Pass238
user239@mail.com,Pass239
user240@mail.com,Pass240
user241@mail.com,Pass241
user242@mail.com,Pass242
user243@mail.com,Pass243
user244@mail.com,Pass244
user245@mail.com,Pass245
user246@mail.com,Pass246
user247@mail.com,Pass247
user248@mail.com,Pass248
user249@mail.com,Pass249
user250@mail.com,Pass250
user251@mail.com,Pass251
user252@mail.com,Pass252
user253@mail.com,Pass253
user254@mail.com,Pass254
user255@mail.com,Pass255
user256@mail.com,Pass256
user257@mail.com,Pass257
user258@mail.com,Pass258
user259@mail.com,Pass259
user260@mail.com,Pass260
user261@mail.com,Pass261
user262@mail.com,Pass262
user263@mail.com,Pass263
user264@mail.com,Pass264
user265@mail.com,Pass265
user266@mail.com,Pass266
user267@mail.com,Pass267
user268@mail.com,Pass268
user269@mail.com,Pass269
user270@mail.com,Pass270
user271@mail.com,Pass271
user272@mail.com,Pass272
user273@mail.com,Pass273
user274@mail.com,Pass274
user275@mail.com,Pass275
user276@mail.com,Pass276
user277@mail.com,Pass277
user278@mail.com,Pass278
user279@mail.com,Pass279
user280@mail.com,Pass280
user281@mail.com,Pass281
user282@mail.com,Pass282
user283@mail.com,Pass283
user284@mail.com,Pass284
user285@mail.com,Pass285
user286@mail.com,Pass286
user287@mail.com,Pass287
user288@mail.com,Pass288
user289@mail.com,Pass289
user290@mail.com,Pass290
user291@mail.com,Pass291
user292@mail.com,Pass292
user293@mail.com,Pass293
user294@mail.com,Pass294
user295@mail.com,Pass295
user296@mail.com,Pass296
user297@mail.com,Pass297
user298@mail.com,Pass298
user299@mail.com,Pass299
user300@mail.com,Pass300
user301@mail.com,Pass301
user302@mail.com,Pass302
user303@mail.com,Pass303
user304@mail.com,Pass304
user305@mail.com,Pass305
user306@mail.com,Pass306
user307@mail.com,Pass307
user308@mail.com,Pass308
user309@mail.com,Pass309
user310@mail.com,Pass310
user311@mail.com,Pass311
user312@mail.com,Pass312
user313@mail.com,Pass313
user314@mail.com,Pass314
user315@mail.com,Pass315
user316@mail.com,Pass316
user317@mail.com,Pass317
user318@mail.com,Pass318
user319@mail.com,Pass319
user320@mail.com,Pass320
user321@mail.com,Pass321
user322@mail.com,Pass322
user323@mail.com,Pass323
user324@mail.com,Pass324
user325@mail.com,Pass325
user326@mail.com,Pass326
user327@mail.com,Pass327
user328@mail.com,Pass328
user329@mail.com,Pass329
user330@mail.com,Pass330
user331@mail.com,Pass331
user332@mail.com,Pass332
user333@mail.com,Pass333
user334@mail.com,Pass334
user335@mail.com,Pass335
user336@mail.com,Pass336
user337@mail.com,Pass337
user338@mail.com,Pass338
user339@mail.com,Pass339
user340@mail.com,Pass340
user341@mail.com,Pass341
user342@mail.com,Pass342
user343@mail.com,Pass343
user344@mail.com,Pass344
user345@mail.com,Pass345
user346@mail.com,Pass346
user347@mail.com,Pass347
user348@mail.com,Pass348
user349@mail.com,Pass349
user350@mail.com,Pass350
user351@mail.com,Pass351
user352@mail.com,Pass352
user353@mail.com,Pass353
user354@mail.com,Pass354
user355@mail.com,Pass355
user356@mail.com,Pass356
user357@mail.com,Pass357
user358@mail.com,Pass358
user359@mail.com,Pass359
user360@mail.com,Pass360
user361@mail.com,Pass361
user362@mail.com,Pass362
user363@mail.com,Pass363
user364@mail.com,Pass364
user365@mail.com,Pass365
user366@mail.com,Pass366
user367@mail.com,Pass367
user368@mail.com,Pass368
user369@mail.com,Pass369
user370@mail.com,Pass370
user371@mail.com,Pass371
user372@mail.com,Pass372
user373@mail.com,Pass373
user374@mail.com,Pass374
user375@mail.com,Pass375
user376@mail.com,Pass376
user377@mail.com,Pass377
user378@mail.com,Pass378
user379@mail.com,Pass379
user380@mail.com,Pass380
user381@mail.com,Pass381
user382@mail.com,Pass382
user383@mail.com,Pass383
user384@mail.com,Pass384
user385@mail.com,Pass385
user386@mail.com,Pass386
user387@mail.com,Pass387
user388@mail.com,Pass388
user389@mail.com,Pass389
user390@mail.com,Pass390
user391@mail.com,Pass391
user392@mail.com,Pass392
user393@mail.com,Pass393
user394@mail.com,Pass394
user395@mail.com,Pass395
user396@mail.com,Pass396
user397@mail.com,Pass397
user398@mail.com,Pass398
user399@mail.com,Pass399
user400@mail.com,Pass400
user401@mail.com,Pass401
user402@mail.com,Pass402
user403@mail.com,Pass403
user404@mail.com,Pass404
user405@mail.com,Pass405
user406@mail.com,Pass406
user407@mail.com,Pass407
user408@mail.com,Pass408
user409@mail.com,Pass409
user410@mail.com,Pass410
user411@mail.com,Pass411
user412@mail.com,Pass412
user413@mail.com,Pass413
user414@mail.com,Pass414
user415@mail.com,Pass415
user416@mail.com,Pass416
user417@mail.com,Pass417
user418@mail.com,Pass418
user419@mail.com,Pass419
user420@mail.com,Pass420
user421@mail.com,Pass421
user422@mail.com,Pass422
user423@mail.com,Pass423
user424@mail.com,Pass424
user425@mail.com,Pass425
user426@mail.com,Pass426
user427@mail.com,Pass427
user428@mail.com,Pass428
user429@mail.com,Pass429
user430@mail.com,Pass430
user431@mail.com,Pass431
user432@mail.com,Pass432
user433@mail.com,Pass433
user434@mail.com,Pass434
user435@mail.com,Pass435
user436@mail.com,Pass436
user437@mail.com,Pass437
user438@mail.com,Pass438
user439@mail.com,Pass439
user440@mail.com,Pass440
user441@mail.com,Pass441
user442@mail.com,Pass442
user443@mail.com,Pass443
user444@mail.com,Pass444
user445@mail.com,Pass445
user446@mail.com,Pass446
user447@mail.com,Pass447
user448@mail.com,Pass448
user449@mail.com,Pass449
user450@mail.com,Pass450
user451@mail.com,Pass451
user452@mail.com,Pass452
user453@mail.com,Pass453
user454@mail.com,Pass454
user455@mail.com,Pass455
user456@mail.com,Pass456
user457@mail.com,Pass457
user458@mail.com,Pass458
user459@mail.com,Pass459
user460@mail.com,Pass460
user461@mail.com,Pass461
user462@mail.com,Pass462
user463@mail.com,Pass463
user464@mail.com,Pass464
user465@mail.com,Pass465
user466@mail.com,Pass466
user467@mail.com,Pass467
user468@mail.com,Pass468
user469@mail.com,Pass469
user470@mail.com,Pass470
user471@mail.com,Pass471
user472@mail.com,Pass472
user473@mail.com,Pass473
user474@mail.com,Pass474
user475@mail.com,Pass475
user476@mail.com,Pass476
user477@mail.com,Pass477
user478@mail.com,Pass478
user479@mail.com,Pass479
user480@mail.com,Pass480
user481@mail.com,Pass481
user482@mail.com,Pass482
user483@mail.com,Pass483
user484@mail.com,Pass484
user485@mail.com,Pass485
user486@mail.com,Pass486
user487@mail.com,Pass487
user488@mail.com,Pass488
user489@mail.com,Pass489
user490@mail.com,Pass490
user491@mail.com,Pass491
user492@mail.com,Pass492
user493@mail.com,Pass493
user494@mail.com,Pass494
user495@mail.com,Pass495
user496@mail.com,Pass496
user497@mail.com,Pass497
user498@mail.com,Pass498
user499@mail.com,Pass499
user500@mail.com,Pass500
